{"count":1,"self":36.6860704,"total":701.20418539999991,"children":{"InitializeActuators":{"count":32,"self":0.0015124,"total":0.0015124,"children":null},"InitializeSensors":{"count":32,"self":0.0005166,"total":0.0005166,"children":null},"AgentSendState":{"count":78267,"self":1.2595683,"total":5.4945678,"children":{"CollectObservations":{"count":500928,"self":0.95139129999999994,"total":0.95139129999999994,"children":null},"WriteActionMask":{"count":500928,"self":0.2249243,"total":0.2249243,"children":null},"RequestDecision":{"count":500928,"self":0.9969058999999999,"total":3.0586838999999997,"children":{"AgentInfo.ToProto":{"count":500928,"self":0.82209689999999991,"total":2.061778,"children":{"GenerateSensorData":{"count":500928,"self":1.2396810999999999,"total":1.2396810999999999,"children":null}}}}}}},"DecideAction":{"count":78267,"self":655.91439359999993,"total":655.9143821,"children":null},"AgentAct":{"count":78267,"self":3.0771843999999997,"total":3.0771843999999997,"children":null},"AgentInfo.ToProto":{"count":4294,"self":0.0121192,"total":0.0294427,"children":{"GenerateSensorData":{"count":4294,"self":0.0173235,"total":0.0173235,"children":null}}}},"gauges":{"FootballVersus.CumulativeReward":{"count":4294,"max":1.039,"min":-1.34149742,"runningAverage":-0.263996869,"value":-0.326997638,"weightedAverage":-0.234961808}},"metadata":{"timer_format_version":"0.1.0","start_time_seconds":"1776691328","unity_version":"2022.3.62f3","command_line_arguments":"C:\\Program Files\\Unity\\Hub\\Editor\\2022.3.62f3\\Editor\\Unity.exe -projectpath E:\\Programming\\Projects\\Unity\\Machine Learning -useHub -hubIPC -cloudEnvironment production -licensingIpc LicenseClient-krist -hubSessionId a2c03d12-da52-4126-b728-d8edbbbbbf66 -accessToken DBFSYIL4PqSwOMi00fw5lLxWUWQZFy4MKyrAGLVnVoM007f","communication_protocol_version":"1.5.0","com.unity.ml-agents_version":"2.0.2","scene_name":"FootballVersus","end_time_seconds":"1776692029"}}